{
  "api": [
    {
      "id": "fJBtGq3",
      "name": "Oliver",
      "age": "500000",
      "email": "Oliver.Loenning@hotmail.com",
      "gender": "male"
    },
    {
      "id": "KBwSqzA",
      "name": "Oliver",
      "age": "8000",
      "email": "Oliver.Loenning@hotmail.com",
      "gender": "male"
    },
    {
      "id": "BZGODsj",
      "name": "Oliver",
      "age": "8000",
      "email": "Oliver.Loenning@hotmail.com",
      "gender": "male"
    },
    {
      "id": "oPte8e_",
      "name": "Test",
      "age": "500000",
      "email": "badkidd@hotmail.com",
      "gender": "male"
    }
  ]
}